<?xml version="1.0" encoding="utf-8" standalone="no"?>
<mets ID="DSpace_ITEM_123456789-20892" OBJID="hdl:123456789/20892" TYPE="DSpace ITEM" PROFILE="DSpace METS SIP Profile 1.0" xmlns="http://www.loc.gov/METS/" xmlns:xlink="http://www.w3.org/1999/xlink" xmlns:xsi="http://www.w3.org/2001/XMLSchema-instance" xsi:schemaLocation="http://www.loc.gov/METS/ http://www.loc.gov/standards/mets/mets.xsd">
 <metsHdr CREATEDATE="2014-01-16T11:53:03">
  <agent ROLE="CUSTODIAN" TYPE="ORGANIZATION">
   <name>Aardvark: GT Archives Digital Items Repository</name>
  </agent>
 </metsHdr>
 <dmdSec ID="dmdSec_1">
  <mdWrap MDTYPE="MODS">
   <xmlData xmlns:mods="http://www.loc.gov/mods/v3" xmlns:xlink="http://www.w3.org/1999/xlink" xsi:schemaLocation="http://www.loc.gov/mods/v3 http://www.loc.gov/standards/mods/v3/mods-3-1.xsd"><mods:mods xmlns:mods="http://www.loc.gov/mods/v3" xmlns:xsi="http://www.w3.org/2001/XMLSchema-instance" xsi:schemaLocation="http://www.loc.gov/mods/v3 http://www.loc.gov/standards/mods/v3/mods-3-1.xsd">
  <mods:name>
    <mods:role>
      <mods:roleTerm type="text">author</mods:roleTerm>
    </mods:role>
    <mods:namePart>Unknown</mods:namePart>
  </mods:name>
  <mods:name>
    <mods:role>
      <mods:roleTerm type="text">editor</mods:roleTerm>
    </mods:role>
    <mods:namePart>Katie Gentilello and Wendy Hagenmaier</mods:namePart>
  </mods:name>
  <mods:originInfo>
    <mods:dateOther encoding="iso8601">ca. 1952-1966</mods:dateOther>
  </mods:originInfo>
  <mods:extension>
    <mods:dateAccessioned encoding="iso8601">2012-10-30T20:39:31Z</mods:dateAccessioned>
  </mods:extension>
  <mods:extension>
    <mods:dateAvailable encoding="iso8601">2012-10-30T20:39:31Z</mods:dateAvailable>
  </mods:extension>
  <mods:originInfo>
    <mods:dateIssued encoding="iso8601">1952</mods:dateIssued>
  </mods:originInfo>
  <mods:identifier type="uri">http://hdl.handle.net/123456789/20892</mods:identifier>
  <mods:note>Digital image created at the Georgia Tech Library in 2010. Scanned at 600ppi.||Physical Condition: Good</mods:note>
  <mods:abstract>This is a photo of "Tonto" Coleman while he was a football coach at Georgia Tech.  He is seated at a desk, fountain pen in his right hand, with what appear to be financial ledger sheets spread on the desk top.  Coleman is wearing a light colored jacket, dress shirt and tie.  Chairs and possibly a second desk are in the background.||"Tonto" Coleman served as an assistant football coach and assistant athletic director at Georgia Tech from 1952 until 1966 when he resigned to become commissioner of the Southeastern Conference.  He retired from that position in 1972 and returned to his home town of Abilene, Texas where he had played football and one been head football and track coach at Abilene Christian College.  He died there in 1973.  He was known as the goodwill ambassador of college sports.  Although he was a big man with a rugged appearance and a sandpaper voice, he was known for his warm, gentle, and polite personality.  When he left Georgia Tech, then president Edwin Harrison said to him:  "Many people pass through Georgia Tech, but only a few leave lasting memories.  You are among those few."</mods:abstract>
  <mods:physicalDescription>
    <mods:extent>1 gelatin silver print : b/w ; 9 x 7 7/8 in.</mods:extent>
  </mods:physicalDescription>
  <mods:language>
    <mods:languageTerm authority="rfc3066">en</mods:languageTerm>
  </mods:language>
  <mods:originInfo>
    <mods:publisher>Georgia Tech Archives</mods:publisher>
  </mods:originInfo>
  <mods:relatedItem>
    <mods:titleInfo>
      <mods:title>GP002</mods:title>
    </mods:titleInfo>
  </mods:relatedItem>
  <mods:subject>
    <mods:topic>Portraits</mods:topic>
  </mods:subject>
  <mods:subject authority="lcsh">
    <mods:topic>Georgia Tech Yellow Jackets (Football team).</mods:topic>
  </mods:subject>
  <mods:titleInfo>
    <mods:title>Arthur M. "Tonto"  Coleman</mods:title>
  </mods:titleInfo>
  <mods:genre>Photographic prints</mods:genre>
</mods:mods></xmlData>
  </mdWrap>
 </dmdSec>
 <amdSec ID="amd_5">
  <techMD ID="techMD_6">
   <mdWrap MDTYPE="PREMIS">
    <xmlData xmlns:premis="http://www.loc.gov/standards/premis" xsi:schemaLocation="http://www.loc.gov/standards/premis http://www.loc.gov/standards/premis/PREMIS-v1-0.xsd"><premis:premis xmlns:premis="http://www.loc.gov/standards/premis">
  <premis:object>
    <premis:objectIdentifier>
      <premis:objectIdentifierType>URL</premis:objectIdentifierType>
      <premis:objectIdentifierValue>http://aardvark.library.gatech.edu/bitstream/123456789%2F20892/1/vac002_002.jpg</premis:objectIdentifierValue>
    </premis:objectIdentifier>
    <premis:objectCategory>File</premis:objectCategory>
    <premis:objectCharacteristics>
      <premis:fixity>
        <premis:messageDigestAlgorithm>MD5</premis:messageDigestAlgorithm>
        <premis:messageDigest>1b6c8712a8b7805ee4b380e0ca06b921</premis:messageDigest>
      </premis:fixity>
      <premis:size>436407</premis:size>
      <premis:format>
        <premis:formatDesignation>
          <premis:formatName>image/jpeg</premis:formatName>
        </premis:formatDesignation>
      </premis:format>
    </premis:objectCharacteristics>
    <premis:originalName>vac002_002.jpg</premis:originalName>
  </premis:object>
</premis:premis></xmlData>
   </mdWrap>
  </techMD>
 </amdSec>
 <amdSec ID="amd_8">
  <techMD ID="techMD_9">
   <mdWrap MDTYPE="PREMIS">
    <xmlData xmlns:premis="http://www.loc.gov/standards/premis" xsi:schemaLocation="http://www.loc.gov/standards/premis http://www.loc.gov/standards/premis/PREMIS-v1-0.xsd"><premis:premis xmlns:premis="http://www.loc.gov/standards/premis">
  <premis:object>
    <premis:objectIdentifier>
      <premis:objectIdentifierType>URL</premis:objectIdentifierType>
      <premis:objectIdentifierValue>http://aardvark.library.gatech.edu/bitstream/123456789%2F20892/2/vac002_002.tif</premis:objectIdentifierValue>
    </premis:objectIdentifier>
    <premis:objectCategory>File</premis:objectCategory>
    <premis:objectCharacteristics>
      <premis:fixity>
        <premis:messageDigestAlgorithm>MD5</premis:messageDigestAlgorithm>
        <premis:messageDigest>f3f88d6c8744ce7da51339dca9813b02</premis:messageDigest>
      </premis:fixity>
      <premis:size>28577486</premis:size>
      <premis:format>
        <premis:formatDesignation>
          <premis:formatName>image/tiff</premis:formatName>
        </premis:formatDesignation>
      </premis:format>
    </premis:objectCharacteristics>
    <premis:originalName>vac002_002.tif</premis:originalName>
  </premis:object>
</premis:premis></xmlData>
   </mdWrap>
  </techMD>
 </amdSec>
 <fileSec>
  <fileGrp USE="CONTENT">
   <file ID="bitstream_1" MIMETYPE="image/jpeg" SEQ="1" SIZE="436407" CHECKSUM="1b6c8712a8b7805ee4b380e0ca06b921" CHECKSUMTYPE="MD5" ADMID="amd_5" GROUPID="GROUP_bitstream_1">
    <FLocat LOCTYPE="URL" xlink:type="simple" xlink:href="bitstream_56751.jpeg"/>
   </file>
   <file ID="bitstream_2" MIMETYPE="image/tiff" SEQ="2" SIZE="28577486" CHECKSUM="f3f88d6c8744ce7da51339dca9813b02" CHECKSUMTYPE="MD5" ADMID="amd_8" GROUPID="GROUP_bitstream_2">
    <FLocat LOCTYPE="URL" xlink:type="simple" xlink:href="bitstream_56752.tiff"/>
   </file>
  </fileGrp>
 </fileSec>
 <structMap ID="struct_2" LABEL="DSpace Object" TYPE="LOGICAL">
  <div ID="div_3" DMDID="dmdSec_1" TYPE="DSpace Object Contents">
   <div ID="div_4" TYPE="DSpace BITSTREAM">
    <fptr FILEID="bitstream_1"/>
   </div>
   <div ID="div_7" TYPE="DSpace BITSTREAM">
    <fptr FILEID="bitstream_2"/>
   </div>
  </div>
 </structMap>
</mets>
